<?xml version="1.0" encoding="UTF-8"?>
<actor PGFVersion="0.21" id="id192466" GSCVersion="0.12.10"><attributes><text id="name">fan-blade</text><real id="time">0</real><point id="position"><real id="x">0</real><real id="y">0</real></point><size id="size"><real id="width">128</real><real id="height">128</real></size><angle id="rotation">0</angle><color id="color"><real id="red">1</real><real id="green">1</real><real id="blue">1</real><real id="alpha">1</real></color><image id="image">fan-blade</image><text id="tags"></text><boolean id="preloadArt">true</boolean></attributes><behaviors><behavior id="id676986" class="RotateBehavior" enabled="true"><attributes><text id="name">Rotate</text><text id="bundleName">Rotate.behavior</text><real id="angularVelocity">90</real><index id="direction">0</index><boolean id="haltWhenBehaviorStops">true</boolean></attributes></behavior></behaviors><aspects><graphics><attributes><boolean id="visible">true</boolean><enumeration id="blendingMode">0</enumeration><enumeration id="horizontalWrap">0</enumeration><enumeration id="verticalWrap">0</enumeration><enumeration id="horizontalAnchor">0</enumeration><enumeration id="verticalAnchor">0</enumeration><boolean id="flipHorizontally">false</boolean><boolean id="flipVertically">false</boolean><integer id="tileWidth">128</integer><integer id="tileHeight">128</integer></attributes></graphics><motion><attributes><point id="linearVelocity"><real id="x">0</real><real id="y">0</real></point><real id="angularVelocity">0</real><real id="maxSpeed">0</real><boolean id="applyMaxSpeed">false</boolean></attributes></motion><physics><attributes><real id="density">1</real><real id="friction">3</real><real id="restitution">1</real><boolean id="fixedRotation">false</boolean><boolean id="movable">true</boolean><enumeration id="collisionShape">0</enumeration><real id="drag">0</real><real id="angularDrag">0</real></attributes></physics></aspects></actor>
