<?xml version="1.0" encoding="UTF-8"?>
<assets PGFVersion="0.21" GSCVersion="0.12.10"><sounds/><images><image name="brick-end"><file premulAlpha="0" name="brick-end.png" size="338"/></image><image name="brick-floor"><file premulAlpha="0" name="brick-floor.png" size="339"/></image><image name="brick-wall"><file premulAlpha="0" name="brick-wall.png" size="338"/></image><image name="fan-blade"><file premulAlpha="0" name="fan-blade.png" size="15722"/></image><image name="fan-cover"><file premulAlpha="0" name="fan-cover.png" size="16805"/></image><image name="planks"><file premulAlpha="0" name="planks.png" size="11357"/></image><image name="coin01"><file premulAlpha="0" name="coin01.png" size="15602"/></image><image name="coin02"><file premulAlpha="0" name="coin02.png" size="13579"/></image><image name="coin03"><file premulAlpha="0" name="coin03.png" size="14395"/></image><image name="coin04"><file premulAlpha="0" name="coin04.png" size="10984"/></image><image name="coin05"><file premulAlpha="0" name="coin05.png" size="9881"/></image><image name="coin06"><file premulAlpha="0" name="coin06.png" size="3080"/></image><image name="coin07"><file premulAlpha="0" name="coin07.png" size="9156"/></image><image name="coin08"><file premulAlpha="0" name="coin08.png" size="10863"/></image><image name="coin09"><file premulAlpha="0" name="coin09.png" size="13500"/></image><image name="coin10"><file premulAlpha="0" name="coin10.png" size="13830"/></image><image name="player-falling-01"><file premulAlpha="0" name="player-falling-01.png" size="10653"/></image><image name="player-falling-02"><file premulAlpha="0" name="player-falling-02.png" size="10794"/></image><image name="player-standing"><file premulAlpha="0" name="player-standing.png" size="9443"/></image><image name="player-walk-left-01"><file premulAlpha="0" name="player-walk-left-01.png" size="7596"/></image><image name="player-walk-left-02"><file premulAlpha="0" name="player-walk-left-02.png" size="7414"/></image><image name="player-walk-left-03"><file premulAlpha="0" name="player-walk-left-03.png" size="8028"/></image><image name="player-walk-right-01"><file premulAlpha="0" name="player-walk-right-01.png" size="7454"/></image><image name="player-walk-right-02"><file premulAlpha="0" name="player-walk-right-02.png" size="7283"/></image><image name="player-walk-right-03"><file premulAlpha="0" name="player-walk-right-03.png" size="7896"/></image></images><behaviors/></assets>
