<?xml version="1.0" encoding="UTF-8"?>
<game GSCVersion="0.12.10" PGFVersion="0.21" title="Taller de Animación"><resolutionIndependence>1</resolutionIndependence><instructions>Add game instructions here.</instructions><resolution>12</resolution><scenes><scene id="id269551" label="Initial Scene"/></scenes><longDescription>Este Proyecto tiene como objetivo conocer la funcionalidad de animación en GameSalad</longDescription><prototypes><actor id="id980091"/><actor id="id192466"/></prototypes><plugins><attributes id="playhaven"/><attributes id="qqgamecenter"><boolean id="enabled">false</boolean></attributes></plugins><networkEnabled>0</networkEnabled><attributes><text id="name">default name</text><real id="time">0</real><size id="displaySize"><real id="width">568</real><real id="height">320</real></size><text id="actorTags"></text><table name="PurchaseTable" id="id797779">PurchaseTable</table></attributes></game>
